date,idSession,Pitcher__id
2019-09-27 00:00:00,0,101375
2019-09-27 00:00:00,1,101375
2019-09-27 00:00:00,2,101375
2019-09-27 00:00:00,3,101375
2019-09-27 00:00:00,4,101375
2019-09-27 00:00:00,5,101375
2019-09-27 00:00:00,6,101375
2019-09-27 00:00:00,7,101375
2019-09-27 00:00:00,8,101375
2019-09-27 00:00:00,9,101375
2019-09-27 00:00:00,10,101375
2019-09-27 00:00:00,11,101375
2019-09-27 00:00:00,12,101375
2019-09-27 00:00:00,13,101375
2019-09-27 00:00:00,14,101375
2019-09-27 00:00:00,15,101375
2019-09-27 00:00:00,16,101375
2019-09-27 00:00:00,17,101375
2019-09-27 00:00:00,18,101375
2019-09-27 00:00:00,19,101375
2019-09-27 00:00:00,20,101375
2019-09-27 00:00:00,21,101375
2019-09-27 00:00:00,22,101375
2019-09-27 00:00:00,23,101375
2019-09-27 00:00:00,24,101375
2019-09-27 00:00:00,25,101375
2019-10-15 00:00:00,26,101637
2019-10-15 00:00:00,27,101637
2019-10-15 00:00:00,28,101637
2019-10-15 00:00:00,29,101637
2019-10-15 00:00:00,30,101637
2019-10-15 00:00:00,31,101637
2019-10-15 00:00:00,32,101637
2019-10-15 00:00:00,33,101637
2019-10-15 00:00:00,34,101637
2019-10-15 00:00:00,35,101637
2019-10-15 00:00:00,36,101637
2019-10-15 00:00:00,37,101637
2019-10-15 00:00:00,38,101637
2019-10-15 00:00:00,39,101637
2019-10-15 00:00:00,40,101637
2019-10-15 00:00:00,41,101637
2019-10-15 00:00:00,42,101637
2019-10-15 00:00:00,43,101637
2019-10-15 00:00:00,44,101637
2019-10-15 00:00:00,45,101637
2019-10-02 00:00:00,46,101637
2019-10-02 00:00:00,47,101637
2019-10-02 00:00:00,48,101637
2019-10-02 00:00:00,49,101637
2019-10-02 00:00:00,50,101637
2019-10-02 00:00:00,51,101637
2019-10-02 00:00:00,52,101637
2019-10-02 00:00:00,53,101637
2019-10-02 00:00:00,54,101637
2019-10-02 00:00:00,55,101637
2019-10-02 00:00:00,56,101637
2019-10-02 00:00:00,57,101637
2019-10-02 00:00:00,58,101637
2019-10-02 00:00:00,59,101637
2019-10-02 00:00:00,60,101637
2019-10-02 00:00:00,61,101637
2019-10-02 00:00:00,62,101637
2019-10-02 00:00:00,63,101637
2019-10-02 00:00:00,64,101637
2019-10-02 00:00:00,65,101637
2019-10-02 00:00:00,66,101637
2019-10-02 00:00:00,67,101637
2019-10-02 00:00:00,68,101637
2019-10-02 00:00:00,69,101637
2019-10-02 00:00:00,70,101637
2019-10-02 00:00:00,71,101637
2019-09-25 00:00:00,72,101637
2019-09-25 00:00:00,73,101637
2019-09-25 00:00:00,74,101637
2019-09-25 00:00:00,75,101637
2019-09-25 00:00:00,76,101637
2019-09-25 00:00:00,77,101637
2019-09-25 00:00:00,78,101637
2019-09-25 00:00:00,79,101637
2019-09-25 00:00:00,80,101637
2019-09-25 00:00:00,81,101637
2019-09-25 00:00:00,82,101637
2019-09-25 00:00:00,83,101637
2019-09-25 00:00:00,84,101637
2019-09-25 00:00:00,85,101637
2019-09-25 00:00:00,86,101637
2019-09-25 00:00:00,87,101637
2019-09-25 00:00:00,88,101637
2019-09-25 00:00:00,89,101637
2019-09-25 00:00:00,90,101637
2019-09-25 00:00:00,91,101637
2019-09-25 00:00:00,92,101637
2019-09-25 00:00:00,93,101637
2019-09-25 00:00:00,94,101637
2019-09-25 00:00:00,95,101637
2019-09-25 00:00:00,96,101637
2019-09-25 00:00:00,97,101637
2019-10-16 00:00:00,98,101945
2019-10-16 00:00:00,99,101945
2019-10-16 00:00:00,100,101945
2019-10-16 00:00:00,101,101945
2019-10-16 00:00:00,102,101945
2019-10-16 00:00:00,103,101945
2019-10-16 00:00:00,104,101945
2019-10-16 00:00:00,105,101945
2019-10-16 00:00:00,106,101945
2019-10-16 00:00:00,107,101945
2019-10-16 00:00:00,108,101945
2019-10-16 00:00:00,109,101945
2019-10-16 00:00:00,110,101945
2019-10-16 00:00:00,111,101945
2019-10-16 00:00:00,112,101945
2019-10-16 00:00:00,113,101945
2019-10-16 00:00:00,114,101945
2019-10-16 00:00:00,115,101945
2019-10-16 00:00:00,116,101945
2019-10-16 00:00:00,117,101945
2019-10-16 00:00:00,118,101945
2019-10-16 00:00:00,119,101945
2019-10-16 00:00:00,120,101945
2019-10-16 00:00:00,121,101945
2019-10-16 00:00:00,122,101945
2019-10-16 00:00:00,123,101945
2019-10-16 00:00:00,124,101945
2019-10-16 00:00:00,125,101945
2019-10-16 00:00:00,126,101945
2019-10-16 00:00:00,127,101945
2019-10-01 00:00:00,128,101945
2019-10-01 00:00:00,129,101945
2019-10-01 00:00:00,130,101945
2019-10-01 00:00:00,131,101945
2019-10-01 00:00:00,132,101945
2019-10-01 00:00:00,133,101945
2019-10-01 00:00:00,134,101945
2019-10-01 00:00:00,135,101945
2019-10-01 00:00:00,136,101945
2019-10-01 00:00:00,137,101945
2019-10-01 00:00:00,138,101945
2019-10-01 00:00:00,139,101945
2019-10-01 00:00:00,140,101945
2019-10-01 00:00:00,141,101945
2019-10-01 00:00:00,142,101945
2019-10-01 00:00:00,143,101945
2019-10-01 00:00:00,144,101945
2019-10-01 00:00:00,145,101945
2019-10-01 00:00:00,146,101945
2019-10-01 00:00:00,147,101945
2019-10-01 00:00:00,148,101945
2019-10-01 00:00:00,149,101945
2019-10-01 00:00:00,150,101945
2019-10-01 00:00:00,151,101945
2019-10-01 00:00:00,152,101945
2019-09-25 00:00:00,153,101945
2019-09-25 00:00:00,154,101945
2019-09-25 00:00:00,155,101945
2019-09-25 00:00:00,156,101945
2019-09-25 00:00:00,157,101945
2019-09-25 00:00:00,158,101945
2019-09-25 00:00:00,159,101945
2019-09-25 00:00:00,160,101945
2019-09-25 00:00:00,161,101945
2019-09-25 00:00:00,162,101945
2019-09-25 00:00:00,163,101945
2019-09-25 00:00:00,164,101945
2019-09-25 00:00:00,165,101945
2019-09-25 00:00:00,166,101945
2019-09-25 00:00:00,167,101945
2019-09-25 00:00:00,168,101945
2019-09-25 00:00:00,169,101945
2019-09-25 00:00:00,170,101945
2019-09-25 00:00:00,171,101945
2019-09-25 00:00:00,172,101945
2019-09-25 00:00:00,173,101945
2019-09-25 00:00:00,174,101945
2019-10-15 00:00:00,175,101960
2019-10-15 00:00:00,176,101960
2019-10-15 00:00:00,177,101960
2019-10-15 00:00:00,178,101960
2019-10-15 00:00:00,179,101960
2019-10-15 00:00:00,180,101960
2019-10-15 00:00:00,181,101960
2019-10-15 00:00:00,182,101960
2019-10-15 00:00:00,183,101960
2019-10-15 00:00:00,184,101960
2019-10-15 00:00:00,185,101960
2019-10-15 00:00:00,186,101960
2019-10-15 00:00:00,187,101960
2019-10-15 00:00:00,188,101960
2019-10-15 00:00:00,189,101960
2019-10-15 00:00:00,190,101960
2019-10-15 00:00:00,191,101960
2019-10-15 00:00:00,192,101960
2019-10-15 00:00:00,193,101960
2019-10-15 00:00:00,194,101960
2019-10-15 00:00:00,195,101960
2019-10-15 00:00:00,196,101960
2019-10-15 00:00:00,197,101960
2019-10-02 00:00:00,198,101960
2019-10-02 00:00:00,199,101960
2019-10-02 00:00:00,200,101960
2019-10-02 00:00:00,201,101960
2019-10-02 00:00:00,202,101960
2019-10-02 00:00:00,203,101960
2019-10-02 00:00:00,204,101960
2019-10-02 00:00:00,205,101960
2019-10-02 00:00:00,206,101960
2019-10-02 00:00:00,207,101960
2019-10-02 00:00:00,208,101960
2019-10-02 00:00:00,209,101960
2019-10-02 00:00:00,210,101960
2019-10-02 00:00:00,211,101960
2019-10-02 00:00:00,212,101960
2019-10-02 00:00:00,213,101960
2019-10-02 00:00:00,214,101960
2019-10-02 00:00:00,215,101960
2019-10-02 00:00:00,216,101960
2019-10-02 00:00:00,217,101960
2019-10-02 00:00:00,218,101960
2019-10-02 00:00:00,219,101960
2019-10-02 00:00:00,220,101960
2019-10-02 00:00:00,221,101960
2019-09-26 00:00:00,222,101960
2019-09-26 00:00:00,223,101960
2019-09-26 00:00:00,224,101960
2019-09-26 00:00:00,225,101960
2019-09-26 00:00:00,226,101960
2019-09-26 00:00:00,227,101960
2019-09-26 00:00:00,228,101960
2019-09-26 00:00:00,229,101960
2019-09-26 00:00:00,230,101960
2019-09-26 00:00:00,231,101960
2019-09-26 00:00:00,232,101960
2019-09-26 00:00:00,233,101960
2019-09-26 00:00:00,234,101960
2019-09-26 00:00:00,235,101960
2019-09-26 00:00:00,236,101960
2019-09-26 00:00:00,237,101960
2019-09-26 00:00:00,238,101960
2019-09-26 00:00:00,239,101960
2019-09-26 00:00:00,240,101960
2019-09-26 00:00:00,241,101960
2019-09-26 00:00:00,242,101960
2019-09-26 00:00:00,243,101960
2019-09-26 00:00:00,244,101960
2019-09-26 00:00:00,245,101960
2019-09-26 00:00:00,246,101960
2019-09-26 00:00:00,247,101960
2019-10-15 00:00:00,248,102036
2019-10-15 00:00:00,249,102036
2019-10-15 00:00:00,250,102036
2019-10-15 00:00:00,251,102036
2019-10-15 00:00:00,252,102036
2019-10-15 00:00:00,253,102036
2019-10-15 00:00:00,254,102036
2019-10-15 00:00:00,255,102036
2019-10-15 00:00:00,256,102036
2019-10-15 00:00:00,257,102036
2019-10-15 00:00:00,258,102036
2019-10-15 00:00:00,259,102036
2019-10-15 00:00:00,260,102036
2019-10-15 00:00:00,261,102036
2019-10-15 00:00:00,262,102036
2019-10-15 00:00:00,263,102036
2019-10-15 00:00:00,264,102036
2019-10-15 00:00:00,265,102036
2019-10-15 00:00:00,266,102036
2019-10-15 00:00:00,267,102036
2019-10-02 00:00:00,268,102036
2019-10-02 00:00:00,269,102036
2019-10-02 00:00:00,270,102036
2019-10-02 00:00:00,271,102036
2019-10-02 00:00:00,272,102036
2019-10-02 00:00:00,273,102036
2019-10-02 00:00:00,274,102036
2019-10-02 00:00:00,275,102036
2019-10-02 00:00:00,276,102036
2019-10-02 00:00:00,277,102036
2019-10-02 00:00:00,278,102036
2019-10-02 00:00:00,279,102036
2019-10-02 00:00:00,280,102036
2019-10-02 00:00:00,281,102036
2019-10-02 00:00:00,282,102036
2019-10-02 00:00:00,283,102036
2019-10-02 00:00:00,284,102036
2019-10-02 00:00:00,285,102036
2019-09-26 00:00:00,286,102036
2019-09-26 00:00:00,287,102036
2019-09-26 00:00:00,288,102036
2019-09-26 00:00:00,289,102036
2019-09-26 00:00:00,290,102036
2019-09-26 00:00:00,291,102036
2019-09-26 00:00:00,292,102036
2019-09-26 00:00:00,293,102036
2019-09-26 00:00:00,294,102036
2019-09-26 00:00:00,295,102036
2019-09-26 00:00:00,296,102036
2019-09-26 00:00:00,297,102036
2019-09-26 00:00:00,298,102036
2019-09-26 00:00:00,299,102036
2019-09-26 00:00:00,300,102036
2019-09-26 00:00:00,301,102036
2019-09-26 00:00:00,302,102036
2019-09-26 00:00:00,303,102036
2019-09-26 00:00:00,304,102036
2019-09-26 00:00:00,305,102036
2019-09-26 00:00:00,306,102036
2019-09-26 00:00:00,307,102036
2019-09-26 00:00:00,308,102036
2019-09-26 00:00:00,309,102036
2019-10-10 00:00:00,310,102290
2019-10-10 00:00:00,311,102290
2019-10-10 00:00:00,312,102290
2019-10-10 00:00:00,313,102290
2019-10-10 00:00:00,314,102290
2019-10-10 00:00:00,315,102290
2019-10-10 00:00:00,316,102290
2019-10-10 00:00:00,317,102290
2019-10-10 00:00:00,318,102290
2019-10-10 00:00:00,319,102290
2019-10-10 00:00:00,320,102290
2019-10-10 00:00:00,321,102290
2019-10-10 00:00:00,322,102290
2019-10-10 00:00:00,323,102290
2019-10-10 00:00:00,324,102290
2019-10-10 00:00:00,325,102290
2019-10-10 00:00:00,326,102290
2019-10-10 00:00:00,327,102290
2019-10-10 00:00:00,328,102290
2019-10-10 00:00:00,329,102290
2019-10-10 00:00:00,330,102290
2019-10-10 00:00:00,331,102290
2019-10-10 00:00:00,332,102290
2019-10-10 00:00:00,333,102290
2019-10-10 00:00:00,334,102290
2019-10-10 00:00:00,335,102290
2019-10-10 00:00:00,336,102290
2019-10-02 00:00:00,337,102290
2019-10-02 00:00:00,338,102290
2019-10-02 00:00:00,339,102290
2019-10-02 00:00:00,340,102290
2019-10-02 00:00:00,341,102290
2019-10-02 00:00:00,342,102290
2019-10-02 00:00:00,343,102290
2019-10-02 00:00:00,344,102290
2019-10-02 00:00:00,345,102290
2019-10-02 00:00:00,346,102290
2019-10-02 00:00:00,347,102290
2019-10-02 00:00:00,348,102290
2019-10-02 00:00:00,349,102290
2019-10-02 00:00:00,350,102290
2019-10-02 00:00:00,351,102290
2019-10-02 00:00:00,352,102290
2019-10-02 00:00:00,353,102290
2019-10-02 00:00:00,354,102290
2019-10-02 00:00:00,355,102290
2019-10-02 00:00:00,356,102290
2019-09-25 00:00:00,357,102290
2019-09-25 00:00:00,358,102290
2019-09-25 00:00:00,359,102290
2019-09-25 00:00:00,360,102290
2019-09-25 00:00:00,361,102290
2019-09-25 00:00:00,362,102290
2019-09-25 00:00:00,363,102290
2019-09-25 00:00:00,364,102290
2019-09-25 00:00:00,365,102290
2019-09-25 00:00:00,366,102290
2019-09-25 00:00:00,367,102290
2019-09-25 00:00:00,368,102290
2019-09-25 00:00:00,369,102290
2019-09-25 00:00:00,370,102290
2019-09-25 00:00:00,371,102290
2019-09-25 00:00:00,372,102290
2019-09-25 00:00:00,373,102290
2019-09-25 00:00:00,374,102290
2019-09-25 00:00:00,375,102290
2019-09-25 00:00:00,376,102290
2019-09-25 00:00:00,377,102290
2019-09-25 00:00:00,378,102290
2019-09-25 00:00:00,379,102290
2019-09-25 00:00:00,380,102290
2019-09-25 00:00:00,381,102290
2019-09-25 00:00:00,382,102290
2019-09-25 00:00:00,383,102290
2019-10-16 00:00:00,384,102356
2019-10-16 00:00:00,385,102356
2019-10-16 00:00:00,386,102356
2019-10-16 00:00:00,387,102356
2019-10-16 00:00:00,388,102356
2019-10-16 00:00:00,389,102356
2019-10-16 00:00:00,390,102356
2019-10-16 00:00:00,391,102356
2019-10-16 00:00:00,392,102356
2019-10-16 00:00:00,393,102356
2019-10-16 00:00:00,394,102356
2019-10-16 00:00:00,395,102356
2019-10-16 00:00:00,396,102356
2019-10-16 00:00:00,397,102356
2019-10-16 00:00:00,398,102356
2019-10-16 00:00:00,399,102356
2019-10-16 00:00:00,400,102356
2019-10-16 00:00:00,401,102356
2019-10-16 00:00:00,402,102356
2019-10-16 00:00:00,403,102356
2019-10-16 00:00:00,404,102356
2019-10-16 00:00:00,405,102356
2019-10-16 00:00:00,406,102356
2019-10-16 00:00:00,407,102356
2019-10-16 00:00:00,408,102356
2019-10-16 00:00:00,409,102356
2019-10-16 00:00:00,410,102356
2019-10-16 00:00:00,411,102356
2019-10-16 00:00:00,412,102356
2019-10-16 00:00:00,413,102356
2019-10-16 00:00:00,414,102356
2019-10-16 00:00:00,415,102356
2019-10-16 00:00:00,416,102356
2019-10-16 00:00:00,417,102356
2019-10-16 00:00:00,418,102356
2019-10-01 00:00:00,419,102356
2019-10-01 00:00:00,420,102356
2019-10-01 00:00:00,421,102356
2019-10-01 00:00:00,422,102356
2019-10-01 00:00:00,423,102356
2019-10-01 00:00:00,424,102356
2019-10-01 00:00:00,425,102356
2019-10-01 00:00:00,426,102356
2019-10-01 00:00:00,427,102356
2019-10-01 00:00:00,428,102356
2019-10-01 00:00:00,429,102356
2019-10-01 00:00:00,430,102356
2019-10-01 00:00:00,431,102356
2019-10-01 00:00:00,432,102356
2019-10-01 00:00:00,433,102356
2019-09-28 00:00:00,434,102356
2019-09-28 00:00:00,435,102356
2019-09-28 00:00:00,436,102356
2019-09-28 00:00:00,437,102356
2019-09-28 00:00:00,438,102356
2019-09-28 00:00:00,439,102356
2019-09-28 00:00:00,440,102356
2019-09-28 00:00:00,441,102356
2019-09-28 00:00:00,442,102356
2019-09-28 00:00:00,443,102356
2019-09-28 00:00:00,444,102356
2019-09-28 00:00:00,445,102356
2019-09-28 00:00:00,446,102356
2019-09-28 00:00:00,447,102356
2019-09-28 00:00:00,448,102356
2019-09-28 00:00:00,449,102356
2019-09-28 00:00:00,450,102356
2019-09-28 00:00:00,451,102356
2019-09-28 00:00:00,452,102356
2019-09-28 00:00:00,453,102356
2019-09-28 00:00:00,454,102356
2019-09-28 00:00:00,455,102356
2019-09-28 00:00:00,456,102356
2019-09-28 00:00:00,457,102356
2019-09-28 00:00:00,458,102356
2019-10-04 00:00:00,459,102617
2019-10-04 00:00:00,460,102617
2019-10-04 00:00:00,461,102617
2019-10-04 00:00:00,462,102617
2019-10-04 00:00:00,463,102617
2019-10-04 00:00:00,464,102617
2019-10-04 00:00:00,465,102617
2019-09-25 00:00:00,466,102617
2019-09-25 00:00:00,467,102617
2019-09-25 00:00:00,468,102617
2019-09-25 00:00:00,469,102617
2019-09-25 00:00:00,470,102617
2019-09-25 00:00:00,471,102617
2019-09-25 00:00:00,472,102617
2019-09-25 00:00:00,473,102617
2019-09-25 00:00:00,474,102617
2019-09-25 00:00:00,475,102617
2019-09-25 00:00:00,476,102617
2019-09-25 00:00:00,477,102617
2019-09-25 00:00:00,478,102617
2019-09-25 00:00:00,479,102617
2019-09-25 00:00:00,480,102617
2019-09-25 00:00:00,481,102617
2019-09-25 00:00:00,482,102617
2019-09-25 00:00:00,483,102617
2019-09-25 00:00:00,484,102617
2019-09-25 00:00:00,485,102617
2019-09-25 00:00:00,486,102617
2019-09-25 00:00:00,487,102617
2019-09-25 00:00:00,488,102617
2019-09-25 00:00:00,489,102617
2019-09-25 00:00:00,490,102617
2019-09-25 00:00:00,491,102617
2019-09-25 00:00:00,492,102617
2019-09-25 00:00:00,493,102617
2019-10-16 00:00:00,494,102915
2019-10-16 00:00:00,495,102915
2019-10-16 00:00:00,496,102915
2019-10-16 00:00:00,497,102915
2019-10-16 00:00:00,498,102915
2019-10-16 00:00:00,499,102915
2019-10-16 00:00:00,500,102915
2019-10-16 00:00:00,501,102915
2019-10-16 00:00:00,502,102915
2019-10-16 00:00:00,503,102915
2019-10-16 00:00:00,504,102915
2019-10-02 00:00:00,505,102915
2019-10-02 00:00:00,506,102915
2019-10-02 00:00:00,507,102915
2019-10-02 00:00:00,508,102915
2019-10-02 00:00:00,509,102915
2019-10-02 00:00:00,510,102915
2019-10-02 00:00:00,511,102915
2019-10-02 00:00:00,512,102915
2019-10-02 00:00:00,513,102915
2019-10-02 00:00:00,514,102915
2019-10-02 00:00:00,515,102915
2019-10-02 00:00:00,516,102915
2019-10-02 00:00:00,517,102915
2019-10-02 00:00:00,518,102915
2019-10-02 00:00:00,519,102915
2019-09-25 00:00:00,520,102915
2019-09-25 00:00:00,521,102915
2019-09-25 00:00:00,522,102915
2019-09-25 00:00:00,523,102915
2019-09-25 00:00:00,524,102915
2019-09-25 00:00:00,525,102915
2019-09-25 00:00:00,526,102915
2019-09-25 00:00:00,527,102915
2019-09-25 00:00:00,528,102915
2019-09-25 00:00:00,529,102915
2019-09-25 00:00:00,530,102915
2019-09-25 00:00:00,531,102915
2019-09-25 00:00:00,532,102915
2019-09-25 00:00:00,533,102915
2019-09-25 00:00:00,534,102915
2019-09-25 00:00:00,535,102915
2019-09-25 00:00:00,536,102915
2019-09-25 00:00:00,537,102915
2019-09-25 00:00:00,538,102915
2019-09-25 00:00:00,539,102915
2019-09-25 00:00:00,540,102915
2019-09-25 00:00:00,541,102915
2019-09-25 00:00:00,542,102915
2019-09-25 00:00:00,543,102915
2019-10-15 00:00:00,544,103006
2019-10-15 00:00:00,545,103006
2019-10-15 00:00:00,546,103006
2019-10-15 00:00:00,547,103006
2019-10-15 00:00:00,548,103006
2019-10-15 00:00:00,549,103006
2019-10-15 00:00:00,550,103006
2019-10-15 00:00:00,551,103006
2019-10-15 00:00:00,552,103006
2019-10-15 00:00:00,553,103006
2019-10-15 00:00:00,554,103006
2019-10-15 00:00:00,555,103006
2019-10-15 00:00:00,556,103006
2019-10-15 00:00:00,557,103006
2019-10-15 00:00:00,558,103006
2019-10-15 00:00:00,559,103006
2019-10-15 00:00:00,560,103006
2019-10-15 00:00:00,561,103006
2019-10-02 00:00:00,562,103006
2019-10-02 00:00:00,563,103006
2019-10-02 00:00:00,564,103006
2019-10-02 00:00:00,565,103006
2019-10-02 00:00:00,566,103006
2019-10-02 00:00:00,567,103006
2019-10-02 00:00:00,568,103006
2019-10-02 00:00:00,569,103006
2019-10-02 00:00:00,570,103006
2019-10-02 00:00:00,571,103006
2019-10-02 00:00:00,572,103006
2019-10-02 00:00:00,573,103006
2019-10-02 00:00:00,574,103006
2019-10-02 00:00:00,575,103006
2019-10-02 00:00:00,576,103006
2019-10-02 00:00:00,577,103006
2019-10-02 00:00:00,578,103006
2019-10-02 00:00:00,579,103006
2019-09-25 00:00:00,580,103006
2019-09-25 00:00:00,581,103006
2019-09-25 00:00:00,582,103006
2019-09-25 00:00:00,583,103006
2019-09-25 00:00:00,584,103006
2019-09-25 00:00:00,585,103006
2019-09-25 00:00:00,586,103006
2019-09-25 00:00:00,587,103006
2019-09-25 00:00:00,588,103006
2019-09-25 00:00:00,589,103006
2019-09-25 00:00:00,590,103006
2019-09-25 00:00:00,591,103006
2019-09-25 00:00:00,592,103006
2019-09-25 00:00:00,593,103006
2019-09-25 00:00:00,594,103006
2019-09-25 00:00:00,595,103006
2019-09-25 00:00:00,596,103006
2019-10-15 00:00:00,597,103109
2019-10-15 00:00:00,598,103109
2019-10-15 00:00:00,599,103109
2019-10-15 00:00:00,600,103109
2019-10-15 00:00:00,601,103109
2019-10-15 00:00:00,602,103109
2019-10-15 00:00:00,603,103109
2019-10-15 00:00:00,604,103109
2019-10-15 00:00:00,605,103109
2019-10-15 00:00:00,606,103109
2019-10-15 00:00:00,607,103109
2019-10-15 00:00:00,608,103109
2019-10-15 00:00:00,609,103109
2019-10-15 00:00:00,610,103109
2019-10-15 00:00:00,611,103109
2019-10-15 00:00:00,612,103109
2019-10-15 00:00:00,613,103109
2019-10-15 00:00:00,614,103109
2019-10-01 00:00:00,615,103109
2019-10-01 00:00:00,616,103109
2019-10-01 00:00:00,617,103109
2019-10-01 00:00:00,618,103109
2019-10-01 00:00:00,619,103109
2019-10-01 00:00:00,620,103109
2019-10-01 00:00:00,621,103109
2019-10-01 00:00:00,622,103109
2019-10-01 00:00:00,623,103109
2019-10-01 00:00:00,624,103109
2019-10-01 00:00:00,625,103109
2019-10-01 00:00:00,626,103109
2019-10-01 00:00:00,627,103109
2019-10-01 00:00:00,628,103109
2019-10-01 00:00:00,629,103109
2019-10-01 00:00:00,630,103109
2019-10-01 00:00:00,631,103109
2019-10-01 00:00:00,632,103109
2019-10-01 00:00:00,633,103109
2019-10-01 00:00:00,634,103109
2019-10-01 00:00:00,635,103109
2019-10-01 00:00:00,636,103109
2019-10-01 00:00:00,637,103109
2019-10-01 00:00:00,638,103109
2019-10-01 00:00:00,639,103109
2019-10-01 00:00:00,640,103109
2019-10-01 00:00:00,641,103109
2019-10-01 00:00:00,642,103109
2019-10-01 00:00:00,643,103109
2019-10-01 00:00:00,644,103109
2019-10-01 00:00:00,645,103109
2019-10-01 00:00:00,646,103109
2019-10-01 00:00:00,647,103109
2019-10-01 00:00:00,648,103109
2019-09-19 00:00:00,649,103155
2019-09-19 00:00:00,650,103155
2019-09-19 00:00:00,651,103155
2019-09-19 00:00:00,652,103155
2019-09-19 00:00:00,653,103155
2019-09-19 00:00:00,654,103155
2019-09-19 00:00:00,655,103155
2019-09-19 00:00:00,656,103155
2019-09-19 00:00:00,657,103155
2019-09-19 00:00:00,658,103155
2019-09-19 00:00:00,659,103155
2019-09-19 00:00:00,660,103155
2019-09-19 00:00:00,661,103155
2019-09-19 00:00:00,662,103155
2019-09-19 00:00:00,663,103155
2019-10-16 00:00:00,664,103232
2019-10-16 00:00:00,665,103232
2019-10-16 00:00:00,666,103232
2019-10-16 00:00:00,667,103232
2019-10-16 00:00:00,668,103232
2019-10-16 00:00:00,669,103232
2019-10-16 00:00:00,670,103232
2019-10-16 00:00:00,671,103232
2019-10-16 00:00:00,672,103232
2019-10-16 00:00:00,673,103232
2019-10-16 00:00:00,674,103232
2019-10-16 00:00:00,675,103232
2019-10-16 00:00:00,676,103232
2019-10-16 00:00:00,677,103232
2019-10-16 00:00:00,678,103232
2019-10-16 00:00:00,679,103232
2019-10-16 00:00:00,680,103232
2019-10-16 00:00:00,681,103232
2019-10-16 00:00:00,682,103232
2019-10-16 00:00:00,683,103232
2019-10-16 00:00:00,684,103232
2019-10-16 00:00:00,685,103232
2019-10-16 00:00:00,686,103232
2019-10-16 00:00:00,687,103232
2019-10-16 00:00:00,688,103232
2019-10-16 00:00:00,689,103232
2019-10-16 00:00:00,690,103232
2019-10-16 00:00:00,691,103232
2019-10-16 00:00:00,692,103232
2019-10-16 00:00:00,693,103232
2019-10-16 00:00:00,694,103232
2019-10-04 00:00:00,695,103232
2019-10-04 00:00:00,696,103232
2019-10-04 00:00:00,697,103232
2019-10-04 00:00:00,698,103232
2019-10-04 00:00:00,699,103232
2019-10-04 00:00:00,700,103232
2019-10-04 00:00:00,701,103232
2019-10-04 00:00:00,702,103232
2019-10-04 00:00:00,703,103232
2019-10-04 00:00:00,704,103232
2019-10-04 00:00:00,705,103232
2019-10-04 00:00:00,706,103232
2019-10-04 00:00:00,707,103232
2019-10-04 00:00:00,708,103232
2019-10-04 00:00:00,709,103232
2019-10-04 00:00:00,710,103232
2019-10-04 00:00:00,711,103232
2019-10-04 00:00:00,712,103232
2019-10-04 00:00:00,713,103232
2019-10-04 00:00:00,714,103232
2019-10-04 00:00:00,715,103232
2019-10-04 00:00:00,716,103232
2019-10-04 00:00:00,717,103232
2019-10-04 00:00:00,718,103232
2019-10-04 00:00:00,719,103232
2019-10-04 00:00:00,720,103232
2019-10-04 00:00:00,721,103232
2019-10-04 00:00:00,722,103232
2019-10-04 00:00:00,723,103232
2019-10-04 00:00:00,724,103232
2019-10-04 00:00:00,725,103232
2019-10-04 00:00:00,726,103232
2019-10-04 00:00:00,727,103232
2019-10-04 00:00:00,728,103232
2019-09-25 00:00:00,729,103232
2019-09-25 00:00:00,730,103232
2019-09-25 00:00:00,731,103232
2019-09-25 00:00:00,732,103232
2019-09-25 00:00:00,733,103232
2019-09-25 00:00:00,734,103232
2019-09-25 00:00:00,735,103232
2019-09-25 00:00:00,736,103232
2019-09-25 00:00:00,737,103232
2019-09-25 00:00:00,738,103232
2019-09-25 00:00:00,739,103232
2019-09-25 00:00:00,740,103232
2019-09-25 00:00:00,741,103232
2019-09-25 00:00:00,742,103232
2019-09-25 00:00:00,743,103232
2019-09-25 00:00:00,744,103232
2019-09-25 00:00:00,745,103232
2019-09-25 00:00:00,746,103232
2019-09-25 00:00:00,747,103232
2019-09-25 00:00:00,748,103232
2019-09-25 00:00:00,749,103232
2019-09-25 00:00:00,750,103232
2019-09-25 00:00:00,751,103232
2019-09-25 00:00:00,752,103232
2019-09-25 00:00:00,753,103232
2019-09-25 00:00:00,754,103232
2019-09-25 00:00:00,755,103232
2019-09-25 00:00:00,756,103232
2019-09-25 00:00:00,757,103232
2019-09-25 00:00:00,758,103232
2019-09-25 00:00:00,759,103232
2019-09-25 00:00:00,760,103232
2019-09-25 00:00:00,761,103232
2019-09-25 00:00:00,762,103232
2019-09-25 00:00:00,763,103232
2019-09-25 00:00:00,764,103232
2019-09-25 00:00:00,765,103232
2019-10-01 00:00:00,766,103268
2019-10-01 00:00:00,767,103268
2019-10-01 00:00:00,768,103268
2019-10-01 00:00:00,769,103268
2019-10-01 00:00:00,770,103268
2019-10-01 00:00:00,771,103268
2019-10-01 00:00:00,772,103268
2019-10-01 00:00:00,773,103268
2019-10-01 00:00:00,774,103268
2019-10-01 00:00:00,775,103268
2019-10-01 00:00:00,776,103268
2019-10-01 00:00:00,777,103268
2019-10-01 00:00:00,778,103268
2019-10-01 00:00:00,779,103268
2019-10-01 00:00:00,780,103268
2019-10-01 00:00:00,781,103268
2019-10-01 00:00:00,782,103268
2019-10-01 00:00:00,783,103268
2019-10-01 00:00:00,784,103268
2019-10-01 00:00:00,785,103268
2019-10-01 00:00:00,786,103268
2019-10-01 00:00:00,787,103268
2019-10-01 00:00:00,788,103268
2019-10-01 00:00:00,789,103268
2019-10-01 00:00:00,790,103268
2019-10-01 00:00:00,791,103268
2019-10-01 00:00:00,792,103268
2019-10-01 00:00:00,793,103268
2019-10-01 00:00:00,794,103268
2019-10-01 00:00:00,795,103268
2019-10-01 00:00:00,796,103268
2019-10-01 00:00:00,797,103268
2019-10-01 00:00:00,798,103268
2019-10-01 00:00:00,799,103268
2019-10-01 00:00:00,800,103268
2019-10-01 00:00:00,801,103268
2019-10-01 00:00:00,802,103268
2019-10-01 00:00:00,803,103268
2019-10-01 00:00:00,804,103268
2019-10-01 00:00:00,805,103268
2019-10-01 00:00:00,806,103268
2019-10-15 00:00:00,807,103455
2019-10-15 00:00:00,808,103455
2019-10-15 00:00:00,809,103455
2019-10-15 00:00:00,810,103455
2019-10-15 00:00:00,811,103455
2019-10-15 00:00:00,812,103455
2019-10-15 00:00:00,813,103455
2019-10-15 00:00:00,814,103455
2019-10-15 00:00:00,815,103455
2019-10-15 00:00:00,816,103455
2019-10-15 00:00:00,817,103455
2019-10-15 00:00:00,818,103455
2019-10-15 00:00:00,819,103455
2019-10-15 00:00:00,820,103455
2019-10-15 00:00:00,821,103455
2019-10-15 00:00:00,822,103455
2019-10-15 00:00:00,823,103455
2019-10-15 00:00:00,824,103455
2019-10-15 00:00:00,825,103455
2019-10-15 00:00:00,826,103455
2019-10-15 00:00:00,827,103455
2019-10-15 00:00:00,828,103455
2019-10-15 00:00:00,829,103455
2019-10-15 00:00:00,830,103455
2019-10-15 00:00:00,831,103455
2019-10-15 00:00:00,832,103455
2019-10-15 00:00:00,833,103455
2019-10-15 00:00:00,834,103455
2019-10-15 00:00:00,835,103455
2019-10-15 00:00:00,836,103455
2019-10-10 00:00:00,837,103455
2019-10-10 00:00:00,838,103455
2019-10-10 00:00:00,839,103455
2019-10-10 00:00:00,840,103455
2019-10-10 00:00:00,841,103455
2019-10-10 00:00:00,842,103455
2019-10-10 00:00:00,843,103455
2019-10-10 00:00:00,844,103455
2019-10-10 00:00:00,845,103455
2019-10-10 00:00:00,846,103455
2019-10-10 00:00:00,847,103455
2019-10-10 00:00:00,848,103455
2019-10-10 00:00:00,849,103455
2019-10-10 00:00:00,850,103455
2019-10-10 00:00:00,851,103455
2019-10-10 00:00:00,852,103455
2019-10-10 00:00:00,853,103455
2019-10-10 00:00:00,854,103455
2019-10-10 00:00:00,855,103455
2019-10-10 00:00:00,856,103455
2019-10-10 00:00:00,857,103455
2019-10-10 00:00:00,858,103455
2019-10-10 00:00:00,859,103455
2019-10-10 00:00:00,860,103455
2019-10-10 00:00:00,861,103455
2019-10-10 00:00:00,862,103455
2019-10-10 00:00:00,863,103455
2019-10-10 00:00:00,864,103455
2019-09-19 00:00:00,865,103455
2019-09-19 00:00:00,866,103455
2019-09-19 00:00:00,867,103455
2019-09-19 00:00:00,868,103455
2019-09-19 00:00:00,869,103455
2019-09-19 00:00:00,870,103455
2019-09-19 00:00:00,871,103455
2019-09-19 00:00:00,872,103455
2019-09-19 00:00:00,873,103455
2019-09-19 00:00:00,874,103455
2019-09-19 00:00:00,875,103455
2019-09-19 00:00:00,876,103455
2019-09-19 00:00:00,877,103455
2019-09-19 00:00:00,878,103455
2019-09-19 00:00:00,879,103455
2019-09-19 00:00:00,880,103455
2019-09-19 00:00:00,881,103455
2019-09-19 00:00:00,882,103455
2019-09-19 00:00:00,883,103455
2019-09-19 00:00:00,884,103455
2019-09-19 00:00:00,885,103455
2019-09-19 00:00:00,886,103455
2019-09-19 00:00:00,887,103455
2019-09-19 00:00:00,888,103455
2019-09-19 00:00:00,889,103455
2019-09-19 00:00:00,890,103455
2019-09-19 00:00:00,891,103455
2019-09-19 00:00:00,892,103455
2019-09-19 00:00:00,893,103455
2019-09-19 00:00:00,894,103455
2019-09-19 00:00:00,895,103455
2019-09-19 00:00:00,896,103455
2019-09-19 00:00:00,897,103455
2019-09-19 00:00:00,898,103455
2019-09-19 00:00:00,899,103455
2019-09-19 00:00:00,900,103455
2019-09-19 00:00:00,901,103455
2019-09-19 00:00:00,902,103455
2019-09-19 00:00:00,903,103455
2019-10-25 00:00:00,904,104456
2019-10-25 00:00:00,905,104456
2019-10-25 00:00:00,906,104456
2019-10-25 00:00:00,907,104456
2019-10-25 00:00:00,908,104456
2019-10-25 00:00:00,909,104456
2019-10-25 00:00:00,910,104456
2019-10-25 00:00:00,911,104456
2019-10-25 00:00:00,912,104456
2019-10-25 00:00:00,913,104456
2019-10-25 00:00:00,914,104456
2019-10-25 00:00:00,915,104456
2019-10-25 00:00:00,916,104456
2019-10-25 00:00:00,917,104456
2019-10-25 00:00:00,918,104456
2019-10-25 00:00:00,919,104456
2019-10-25 00:00:00,920,104456
2019-10-25 00:00:00,921,104456
2019-10-25 00:00:00,922,104456
2019-10-25 00:00:00,923,104456
2019-10-25 00:00:00,924,104456
2019-10-25 00:00:00,925,104456
2019-10-25 00:00:00,926,104456
2019-10-25 00:00:00,927,104456
2019-10-25 00:00:00,928,104456
2019-10-25 00:00:00,929,104456
2019-10-25 00:00:00,930,104456
2019-10-25 00:00:00,931,104456
2019-10-16 00:00:00,932,104456
2019-10-16 00:00:00,933,104456
2019-10-16 00:00:00,934,104456
2019-10-16 00:00:00,935,104456
2019-10-16 00:00:00,936,104456
2019-10-16 00:00:00,937,104456
2019-10-16 00:00:00,938,104456
2019-10-16 00:00:00,939,104456
2019-10-16 00:00:00,940,104456
2019-10-16 00:00:00,941,104456
2019-10-16 00:00:00,942,104456
2019-10-16 00:00:00,943,104456
2019-10-16 00:00:00,944,104456
2019-10-16 00:00:00,945,104456
2019-10-16 00:00:00,946,104456
2019-10-16 00:00:00,947,104456
2019-10-16 00:00:00,948,104456
2019-10-16 00:00:00,949,104456
2019-10-16 00:00:00,950,104456
2019-10-16 00:00:00,951,104456
2019-10-16 00:00:00,952,104456
2019-10-16 00:00:00,953,104456
2019-10-16 00:00:00,954,104456
2019-10-16 00:00:00,955,104456
2019-10-16 00:00:00,956,104456
2019-10-16 00:00:00,957,104456
2019-10-02 00:00:00,958,104456
2019-10-02 00:00:00,959,104456
2019-10-02 00:00:00,960,104456
2019-10-02 00:00:00,961,104456
2019-10-02 00:00:00,962,104456
2019-10-02 00:00:00,963,104456
2019-10-02 00:00:00,964,104456
2019-10-02 00:00:00,965,104456
2019-10-02 00:00:00,966,104456
2019-10-02 00:00:00,967,104456
2019-10-02 00:00:00,968,104456
2019-10-02 00:00:00,969,104456
2019-10-02 00:00:00,970,104456
2019-10-02 00:00:00,971,104456
2019-10-02 00:00:00,972,104456
2019-10-02 00:00:00,973,104456
2019-10-02 00:00:00,974,104456
2019-10-02 00:00:00,975,104456
2019-10-02 00:00:00,976,104456
2019-10-02 00:00:00,977,104456
2019-09-26 00:00:00,978,104456
2019-09-26 00:00:00,979,104456
2019-09-26 00:00:00,980,104456
2019-09-26 00:00:00,981,104456
2019-09-26 00:00:00,982,104456
2019-09-26 00:00:00,983,104456
2019-09-26 00:00:00,984,104456
2019-09-26 00:00:00,985,104456
2019-09-26 00:00:00,986,104456
2019-09-19 00:00:00,987,104456
2019-09-19 00:00:00,988,104456
2019-09-19 00:00:00,989,104456
2019-09-19 00:00:00,990,104456
2019-09-19 00:00:00,991,104456
2019-09-19 00:00:00,992,104456
2019-09-19 00:00:00,993,104456
2019-09-19 00:00:00,994,104456
2019-09-19 00:00:00,995,104456
2019-09-19 00:00:00,996,104456
2019-09-19 00:00:00,997,104456
2019-09-19 00:00:00,998,104456
2019-09-19 00:00:00,999,104456
2019-09-19 00:00:00,1000,104456
2019-09-19 00:00:00,1001,104456
2019-09-19 00:00:00,1002,104456
2019-09-19 00:00:00,1003,104456
2019-09-19 00:00:00,1004,104456
2019-09-19 00:00:00,1005,104456
2019-09-19 00:00:00,1006,104456
2019-09-19 00:00:00,1007,104456
2019-09-19 00:00:00,1008,104456
2019-09-19 00:00:00,1009,104456
2019-09-19 00:00:00,1010,104456
2019-09-19 00:00:00,1011,104456
2019-09-19 00:00:00,1012,104456
2019-09-19 00:00:00,1013,104456
2019-10-16 00:00:00,1014,104834
2019-10-16 00:00:00,1015,104834
2019-10-16 00:00:00,1016,104834
2019-10-16 00:00:00,1017,104834
2019-10-16 00:00:00,1018,104834
2019-10-16 00:00:00,1019,104834
2019-10-16 00:00:00,1020,104834
2019-10-16 00:00:00,1021,104834
2019-10-16 00:00:00,1022,104834
2019-10-16 00:00:00,1023,104834
2019-10-16 00:00:00,1024,104834
2019-10-16 00:00:00,1025,104834
2019-10-16 00:00:00,1026,104834
2019-10-16 00:00:00,1027,104834
2019-10-16 00:00:00,1028,104834
2019-10-16 00:00:00,1029,104834
2019-10-16 00:00:00,1030,104834
2019-10-16 00:00:00,1031,104834
2019-10-16 00:00:00,1032,104834
2019-10-16 00:00:00,1033,104834
2019-10-16 00:00:00,1034,104834
2019-10-16 00:00:00,1035,104834
2019-10-16 00:00:00,1036,104834
2019-10-16 00:00:00,1037,104834
2019-10-16 00:00:00,1038,104834
2019-10-16 00:00:00,1039,104834
2019-10-16 00:00:00,1040,104834
2019-10-16 00:00:00,1041,104834
2019-10-16 00:00:00,1042,104834
2019-10-16 00:00:00,1043,104834
2019-10-02 00:00:00,1044,104834
2019-10-02 00:00:00,1045,104834
2019-10-02 00:00:00,1046,104834
2019-10-02 00:00:00,1047,104834
2019-10-02 00:00:00,1048,104834
2019-10-02 00:00:00,1049,104834
2019-10-02 00:00:00,1050,104834
2019-10-02 00:00:00,1051,104834
2019-10-02 00:00:00,1052,104834
2019-10-02 00:00:00,1053,104834
2019-10-02 00:00:00,1054,104834
2019-10-02 00:00:00,1055,104834
2019-10-02 00:00:00,1056,104834
2019-10-02 00:00:00,1057,104834
2019-10-02 00:00:00,1058,104834
2019-10-02 00:00:00,1059,104834
2019-10-02 00:00:00,1060,104834
2019-10-02 00:00:00,1061,104834
2019-10-02 00:00:00,1062,104834
2019-10-02 00:00:00,1063,104834
2019-10-02 00:00:00,1064,104834
2019-10-02 00:00:00,1065,104834
2019-10-02 00:00:00,1066,104834
2019-09-25 00:00:00,1067,104834
2019-09-25 00:00:00,1068,104834
2019-09-25 00:00:00,1069,104834
2019-09-25 00:00:00,1070,104834
2019-09-25 00:00:00,1071,104834
2019-09-25 00:00:00,1072,104834
2019-09-25 00:00:00,1073,104834
2019-09-25 00:00:00,1074,104834
2019-09-25 00:00:00,1075,104834
2019-09-25 00:00:00,1076,104834
2019-09-25 00:00:00,1077,104834
2019-09-25 00:00:00,1078,104834
2019-09-25 00:00:00,1079,104834
2019-09-25 00:00:00,1080,104834
2019-09-25 00:00:00,1081,104834
2019-09-25 00:00:00,1082,104834
2019-09-25 00:00:00,1083,104834
2019-09-25 00:00:00,1084,104834
2019-09-25 00:00:00,1085,104834
2019-09-25 00:00:00,1086,104834
2019-09-25 00:00:00,1087,104834
2019-09-25 00:00:00,1088,104834
2019-09-25 00:00:00,1089,104834
2019-09-25 00:00:00,1090,104834
2019-09-25 00:00:00,1091,104834
2019-09-25 00:00:00,1092,104834
2019-09-25 00:00:00,1093,104834
2019-10-15 00:00:00,1094,104893
2019-10-15 00:00:00,1095,104893
2019-10-15 00:00:00,1096,104893
2019-10-15 00:00:00,1097,104893
2019-10-15 00:00:00,1098,104893
2019-10-15 00:00:00,1099,104893
2019-10-15 00:00:00,1100,104893
2019-10-15 00:00:00,1101,104893
2019-10-15 00:00:00,1102,104893
2019-10-15 00:00:00,1103,104893
2019-10-15 00:00:00,1104,104893
2019-10-15 00:00:00,1105,104893
2019-10-15 00:00:00,1106,104893
2019-10-15 00:00:00,1107,104893
2019-10-15 00:00:00,1108,104893
2019-10-15 00:00:00,1109,104893
2019-10-15 00:00:00,1110,104893
2019-09-13 00:00:00,1111,104893
2019-09-13 00:00:00,1112,104893
2019-09-13 00:00:00,1113,104893
2019-09-13 00:00:00,1114,104893
2019-09-13 00:00:00,1115,104893
2019-09-13 00:00:00,1116,104893
2019-09-13 00:00:00,1117,104893
2019-09-13 00:00:00,1118,104893
2019-09-13 00:00:00,1119,104893
2019-09-13 00:00:00,1120,104893
2019-09-13 00:00:00,1121,104893
2019-09-13 00:00:00,1122,104893
2019-09-13 00:00:00,1123,104893
2019-09-13 00:00:00,1124,104893
2019-09-13 00:00:00,1125,104893
2019-09-13 00:00:00,1126,104893
2019-09-13 00:00:00,1127,104893
2019-09-13 00:00:00,1128,104893
2019-09-13 00:00:00,1129,104893
2019-09-13 00:00:00,1130,104893
2019-09-13 00:00:00,1131,104893
2019-09-13 00:00:00,1132,104893
2019-09-13 00:00:00,1133,104893
2019-09-13 00:00:00,1134,104893
2019-09-13 00:00:00,1135,104893
2019-09-13 00:00:00,1136,104893
2019-09-13 00:00:00,1137,104893
2019-09-13 00:00:00,1138,104893
2019-09-13 00:00:00,1139,104893
2019-09-13 00:00:00,1140,104893
2019-09-13 00:00:00,1141,104893
2019-10-16 00:00:00,1142,105179
2019-10-16 00:00:00,1143,105179
2019-10-16 00:00:00,1144,105179
2019-10-16 00:00:00,1145,105179
2019-10-16 00:00:00,1146,105179
2019-10-16 00:00:00,1147,105179
2019-10-16 00:00:00,1148,105179
2019-10-16 00:00:00,1149,105179
2019-10-16 00:00:00,1150,105179
2019-10-16 00:00:00,1151,105179
2019-10-16 00:00:00,1152,105179
2019-10-16 00:00:00,1153,105179
2019-10-16 00:00:00,1154,105179
2019-10-16 00:00:00,1155,105179
2019-10-16 00:00:00,1156,105179
2019-10-16 00:00:00,1157,105179
2019-10-16 00:00:00,1158,105179
2019-10-16 00:00:00,1159,105179
2019-10-16 00:00:00,1160,105179
2019-10-16 00:00:00,1161,105179
2019-10-16 00:00:00,1162,105179
2019-10-16 00:00:00,1163,105179
2019-10-16 00:00:00,1164,105179
2019-10-02 00:00:00,1165,105179
2019-10-02 00:00:00,1166,105179
2019-10-02 00:00:00,1167,105179
2019-10-02 00:00:00,1168,105179
2019-10-02 00:00:00,1169,105179
2019-10-02 00:00:00,1170,105179
2019-10-02 00:00:00,1171,105179
2019-10-02 00:00:00,1172,105179
2019-10-02 00:00:00,1173,105179
2019-10-02 00:00:00,1174,105179
2019-10-02 00:00:00,1175,105179
2019-10-02 00:00:00,1176,105179
2019-10-02 00:00:00,1177,105179
2019-10-02 00:00:00,1178,105179
2019-10-02 00:00:00,1179,105179
2019-10-02 00:00:00,1180,105179
2019-10-02 00:00:00,1181,105179
2019-10-02 00:00:00,1182,105179
2019-10-02 00:00:00,1183,105179
2019-10-02 00:00:00,1184,105179
2019-10-02 00:00:00,1185,105179
2019-09-25 00:00:00,1186,105179
2019-09-25 00:00:00,1187,105179
2019-09-25 00:00:00,1188,105179
2019-09-25 00:00:00,1189,105179
2019-09-25 00:00:00,1190,105179
2019-09-25 00:00:00,1191,105179
2019-09-25 00:00:00,1192,105179
2019-09-25 00:00:00,1193,105179
2019-09-25 00:00:00,1194,105179
2019-09-25 00:00:00,1195,105179
2019-09-25 00:00:00,1196,105179
2019-09-25 00:00:00,1197,105179
2019-09-25 00:00:00,1198,105179
2019-09-25 00:00:00,1199,105179
2019-09-25 00:00:00,1200,105179
2019-09-25 00:00:00,1201,105179
2019-09-25 00:00:00,1202,105179
2019-09-25 00:00:00,1203,105179
2019-09-25 00:00:00,1204,105179
2019-09-25 00:00:00,1205,105179
2019-09-25 00:00:00,1206,105179
2019-10-01 00:00:00,1207,105192
2019-10-01 00:00:00,1208,105192
2019-10-01 00:00:00,1209,105192
2019-10-01 00:00:00,1210,105192
2019-10-01 00:00:00,1211,105192
2019-10-01 00:00:00,1212,105192
2019-10-01 00:00:00,1213,105192
2019-10-01 00:00:00,1214,105192
2019-10-01 00:00:00,1215,105192
2019-10-01 00:00:00,1216,105192
2019-10-01 00:00:00,1217,105192
2019-10-01 00:00:00,1218,105192
2019-10-01 00:00:00,1219,105192
2019-10-01 00:00:00,1220,105192
2019-10-01 00:00:00,1221,105192
2019-10-01 00:00:00,1222,105192
2019-10-01 00:00:00,1223,105192
2019-10-01 00:00:00,1224,105192
2019-10-01 00:00:00,1225,105192
2019-10-01 00:00:00,1226,105192
2019-10-01 00:00:00,1227,105192
2019-10-01 00:00:00,1228,105192
2019-10-01 00:00:00,1229,105192
2019-10-01 00:00:00,1230,105192
2019-10-01 00:00:00,1231,105192
